City,City_Score
Chicago,0
Lingolsheim,0
Allentown,0
Valle de La Pascua,0
Reims,0
Allen,0
Port Macquarie,0
Uppsala,0
Champaign,0
Quixadá,0
Gaziantep,0
Helmond,0
Acarigua,0
Barquisimeto,0
Romeoville,0
Daejeon,0
Carrollton,0
Sarkand,0
Talence,0
Nevsehir,0
Kocaeli,0
Halmstad,0
Afyon,0
Samsun,0
Alphen aan den Rijn,0
São Miguel dos Campos,0
Mezitli,0
Almelo,0
Kadoma,0
Leeuwarden,0
Guacara,0
Cerignola,0
Tilburg,0
Guanare,0
Viransehir,0
San Angelo,0
Den Helder,0
Fort Lauderdale,0
Ibadan,0
Caracas,0
Ocotlán,0
Suwon,0
Halluin,0
Villejuif,0
Dumai,0
Ibb,0
Al Hudaydah,0
Izmir,0
Manfredonia,0
Changwon,0
Traralgon,0
Deventer,0
Coudekerque-Branche,0
Doetinchem,0
Medina,0
Juliaca,0
Edirne,0
Sanford,0
Vlaardingen,0
Parintins,0
Leiden,0
Karlstad,0
Isparta,0
Schiltigheim,0
Veenendaal,0
San Luis,0
Epworth,0
Usak,0
Lisbon,0
Loures,0
Mentor,0
Temixco,0
Makurdi,0
San Justo,0
Gothenburg,0
Freeport,0
Aewol-li,0
Chuncheon,0
Limoeiro do Norte,0
Carol Stream,0
Pomezia,0
Solna,0
Kayseri,0
Sukkur,0
Gallarate,0
Eindhoven,0
Probolinggo,0
Canakkale,0
Antalya,0
Copenhagen,0
Zeist,0
Castellammare di Stabia,0
Paita,0
Can Tho,0
Nacka,0
Randers,0
Coimbra,0
Cankaya,0
Haarlem,0
Plano,0
Bauchi,0
Kaduna,0
Jamundí,0
Amadora,0
Choloma,0
Odense,0
Silivri,0
Nelson,0
Konya,0
Treviglio,0
Antakya,0
Puerto La Cruz,0
Elmhurst,0
Gastonia,0
Kaunas,0
Pirapora,0
Oosterhout,0
Warrnambool,0
Kutahya,0
Hickory,0
Hendersonville,0
Aurora,0
League City,0
Bandung,0
Uithoorn,0
Bolívar,0
Bandirma,0
Porlamar,0
Ilo,0
Duzce,0
Vila Nova de Gaia,0
Littleton,0
Corrientes,0
Gisborne,0
Terneuzen,0
Waitakere,0
Rockford,0
Daytona Beach,0
San Marcos,0
Quartu Sant'Elena,0
Ikot Ekpene,0
Makati,0
Cizre,0
Río Bravo,0
Abilene,0
Maltepe,0
Warri,0
Bryan,0
Park Ridge,0
Antipolo,0
Islamabad,0
Akhisar,0
Sheffield,0
Lens,0
Saint-Michel-sur-Orge,0
Pasig,0
Geelong,0
Akron,0
Garland,0
Montceau-les-Mines,0
Funtua,0
Pensacola,0
Gombe,0
Angeles City,0
Bethlehem,0
Zaanstad,0
Auckland,0
Missouri City,0
Vilnius,0
Voiron,0
Aubervilliers,0
Nieuwegein,0
Dunedin,0
Benevento,0
Delft,0
San Fernando del Valle de Catamarca,0
Posadas,0
Emmen,0
Tivoli,0
Gujrat,0
Issoire,0
Schiedam,0
Santo Domingo de los Colorados,0
Moncalieri,0
Piura,0
Bahía Blanca,0
Elyria,0
Braga,0
Houilles,0
Amsterdam,0
Jerez de la Frontera,0
Karliova,0
Montbrison,0
Mamak,0
Corlu,0
Pilar,0
Sittard,0
Wilson,0
Liaoyang,0
Kilis,0
Stockholm,0
Le Mans,0
Assen,0
Bezerros,0
Utrecht,0
Papakura,0
Jos,0
Frankfort,0
Amersfoort,0
Pematangsiantar,0
Arezzo,0
Tinaquillo,0
Jacobina,0
Lagos de Moreno,0
Panama City,0
Dublin,0
Tyler,0
Luohe,0
Kwangju,0
Aydin,0
Uskudar,0
Upplands Väsby,0
Barreirinhas,0
Istres,0
Fontenay-sous-Bois,0
Fort Collins,0
Miami,0
Beykoz,0
Alanya,0
Sonderborg,0
Puno,0
Villa Frontera,0
Esbjerg,0
Cabimas,0
Bacolod City,0
Senhor do Bonfim,0
Kokshetau,0
Ceyhan,0
Ituiutaba,0
Corpus Christi,0
Banda Aceh,0
Apodaca,0
Avellaneda,0
Yalova,0
Sunbury,0
Pekalongan,0
Banjarmasin,0
Redmond,0
Huddinge,0
Purwokerto,0
Rosario,0
Ontario,0
Pontes e Lacerda,0
Kars,0
College Station,0
Guayana,0
Salihli,0
Bourgoin-Jallieu,0
Onitsha,0
Potenza,0
Clarksville,0
Iskenderun,0
Ordu,0
La Chorrera,0
Mcallen,0
Badajoz,0
Como,0
Bonao,0
Amarillo,0
Adiyaman,0
Pharr,0
Cubuk,0
Velsen,0
Mbinga,0
Denver,0
Porto,0
Breda,0
Brive-la-Gaillarde,0
Peshawar,0
Nashville,0
Taldyqorghan,0
Harare,0
Corum,0
Troy,0
Córdoba,0
Greensboro,0
Panevezys,0
Busan,0
Qaraghandy,0
Erzurum,0
Colorado Springs,0
Ilesha,0
Sargodha,0
Rhondda,0
Ekibastuz,0
Cleveland,0
Maiduguri,0
Ugep,0
Torbali,0
Maastricht,0
Diyarbakir,0
Bloomington,0
Tekirdag,0
Pistoia,0
Lippstadt,0
Groningen,0
Molfetta,0
Araranguá,0
Arequipa,0
Charlotte,0
Bolu,0
Ilorin,0
Mataram,0
Pantin,0
Hilversum,0
Ponte Nova,0
Elazig,0
Fort Portal,0
Turgutlu,0
Grand Prairie,0
Irving,0
Siauliai,0
Tallaght,0
Lorain,0
Tigard,0
Blumenau,0
Baní,0
Mersin,0
Montereau-Fault-Yonne,0
Heerlen,0
Guatire,0
Gebze,0
Turmero,0
Surubim,0
Wuhan,0
San Carlos del Zulia,0
Memphis,0
La Plata,0
Libourne,0
Lakeland,0
Mardin,0
Feira,0
Lucca,0
Anyang,0
Damaturu,0
Kulob,0
Batman,0
Chitungwiza,0
Sakai,0
Pekanbaru,0
San Pedro de Macorís,0
Trabzon,0
Kozan,0
Pueblo,0
Eskisehir,0
Pulheim,0
Naperville,0
Qostanay,0
Salvador,0
Hobart,0
Melton,0
El Tigre,0
Dordrecht,0
Fuenlabrada,0
Menden,0
Camocim,0
Manisa,0
Chelles,0
Wheeling,0
Trapani,0
Nha Trang,0
Scottsdale,0
Tartagal,0
Nijmegen,0
Gonaïves,0
Bom Jesus da Lapa,0
Etimesgut,0
Cagliari,0
Highland Park,0
Wuchang,0
Ayacucho,0
Adana,0
Santiago de los Caballeros,0
Santa Fe,0
Nakhon Ratchasima,0
Baguio City,0
Haninge,0
Mesquite,0
Mesa,0
Inegol,0
Cuyahoga Falls,0
Gujranwala,0
Abeokuta,0
Commerce City,0
Skokie,0
Taytay,0
Mary,0
Ras al Khaymah,0
Modena,0
San Rafael,0
Mutare,0
Barneveld,0
Iquitos,0
Calamba,0
Shagamu,0
Maracay,0
Sincan,0
Sanliurfa,0
Menemen,0
El Limón,0
La Roche-sur-Yon,0
Caserta,0
Palo Negro,0
San Pedro,0
Yuma,0
Laredo,0
Stains,0
Owo,0
Enschede,0
Ulsan,0
Taraz,0
Denizli,0
Trujillo,0
Baruta,0
Des Plaines,0
Igdir,0
Hialeah,0
Sialkot,0
Da Nang,0
Saint-Denis,0
Malatya,0
Enugu,0
Catia La Mar,0
Rotterdam,0
Buca,0
Mardan,0
Comodoro Rivadavia,0
Pembroke Pines,0
Hanover,0
Phoenix,0
Kampala,0
Talara,0
Peoria,0
Paraná,0
Odessa,0
Bahawalpur,0
Mar del Plata,0
Jayapura,0
Bolingbrook,0
Apeldoorn,0
Dzhezkazgan,0
Katsina,0
Minna,0
Sokoto,0
Kartal,0
Kahramanmaras,0
Hautmont,0
El Paso,0
Choluteca,0
Astana,0
Bergen op Zoom,0
Gulu,0
Tarsus,0
Huancayo,0
Presidente Dutra,0
Foggia,0
Bisceglie,0
Rheine,0
Turkmenabat,0
Brumado,0
Salta,0
Santiago del Estero,0
Cournon-d'Auvergne,0
Sivas,0
Quetta,0
Helsingborg,0
Akure,0
Daegu,0
Owerri,0
Avellino,0
Toulouse,0
Necochea,0
San José de Guanipa,0
Arnhem,0
Calabar,0
Carora,0
Siirt,0
Cúa,0
Spijkenisse,0
Friedberg,0
Manila,0
Plaisance-du-Touch,0
Caloocan,0
Roermond,0
Zwolle,0
Hengelo,0
Bucheon,0
Santa Marta,0
Normal,0
Mason,0
Callao,0
Mendoza,0
Valenzuela,0
Rize,0
Nazilli,0
Istanbul,0
Huaraz,0
Marion,0
Saint-Cloud,0
San Nicolás de los Arroyos,0
Presidencia Roque Sáenz Peña,0
Vassouras,0
Zaria,0
Belo Horizonte,0
Bar-le-Duc,0
Açu,0
Mubi,0
Austin,0
Buenos Aires,0
Chimbote,0
Frisco,0
Cipolletti,0
Manukau City,0
Aksaray,0
Yacuiba,0
Capua,0
Lahore,0
Rosny-sous-Bois,0
Tokat,0
Bafra,0
Charallave,0
Rawalpindi,0
Capelle aan den IJssel,0
Resistencia,0
Buyukcekmece,0
Birmingham,0
San Juan,0
Tegucigalpa,0
Dresden,0
Gaziemir,0
Bornova,0
Richardson,0
Calabozo,0
Tinley Park,0
Yaritagua,0
Guimarães,0
Aba,0
Jinja,0
Purmerend,0
Seoul,0
Polatli,0
La Vega,0
Cagua,0
Bingol,0
Balikesir,0
Huangshi,0
Yangon,0
Landskrona,0
Tamarac,0
Multan,0
Mumbai,0
Round Rock,0
Gagny,0
Kirsehir,0
Abreu e Lima,0
Esquina,0
Cairns,0
Cork,0
Pavlodar,0
Houston,0
Pucallpa,0
Esenyurt,0
Reggio nell'Emilia,0
Kiziltepe,0
David,0
Ardahan,0
Gusau,0
Knoxville,0
Benin City,0
Bulawayo,0
Odivelas,0
Legnano,0
Carrefour,0
Santo Domingo,0
Colón,0
Canberra,0
Almaty,0
Ashgabat,0
Bacoor,0
Port Harcourt,0
Jacksonville,0
Temirtau,0
Tucson,0
Altoona,0
Amasya,0
Oss,0
Gardanne,0
Ho Chi Minh City,0
Battipaglia,0
Varese,0
Arrentela,0
Deer Park,0
Bursa,0
Neuquén,0
Lima,0
Ajman,0
Ormond Beach,0
Indaial,0
Buffalo Grove,0
Cheonan,0
Abuja,0
San Miguelito,0
Abakaliki,0
San Juan de la Maguana,0
Soma,0
Hardenberg,0
El Progreso,0
Registro,0
Karaman,0
Taizz,0
Dallas,0
San Salvador de Jujuy,0
Bangkok,0
Kano,0
Hanoi,0
Ravenna,0
Port Moresby,0
San Pedro Sula,0
Bagcilar,0
Umraniye,0
Frederiksberg,0
Silopi,0
Felahiye,0
Montería,0
Arraiján,0
Kalundborg,0
Ankara,0
Osmaniye,0
Eskilstuna,0
The Hague,0
Itapeva,0
San Francisco de Macorís,0
Lund,0
Waco,0
Senlis,0
La Romana,0
Alkmaar,0
Burlington,0
Fulda,0
Quilmes,0
Naples,0
Maracaibo,0
Cainta,0
San Severo,0
Chincha Alta,0
Biarritz,0
San Cristóbal,0
Galway,0
Philadelphia,0
Roosendaal,0
Kastamonu,0
Marano di Napoli,0
Van,0
Greenville,0
Nigde,0
Junín,0
Midyat,0
Iringa,0
La Ceiba,0
Lancaster,0
Goyang,0
Oswego,0
La Rioja,0
Tampa,0
San Antonio,0
Victoria Falls,0
Cajamarca,0
Boca Raton,0
Concord,0
Saint-Jean-de-la-Ruelle,0
Venlo,0
Klaipeda,0
Cumaná,0
Moca,0
Chiclayo,0
Amstelveen,0
Lagos,0
Sapele,0
Parker,0
Louisville,0
Savona,1
Al Manaqil,1
Vanderbijlpark,1
Boynton Beach,1
Lokossa,1
Brescia,1
Buriticupu,1
Colmar,1
Bafoussam,1
Envigado,1
Vitória de Santo Antão,1
Bellevue,1
Guarapari,1
Faches-Thumesnil,1
Guarenas,1
Iranshahr,1
Tanggu,1
Neyshabur,1
Surakarta,1
Catania,1
Maryborough,1
Kigoma,1
Sierra Vista,1
Pompano Beach,1
Catalão,1
Zhlobin,1
Kara,1
Suizhou,1
Lagny-sur-Marne,1
Texas City,1
Baqubah,1
Pasadena,1
Calama,1
Hilden,1
Guatemala City,1
Cidade Ocidental,1
Modesto,1
Moissy-Cramayel,1
Chilpancingo,1
Murfreesboro,1
Gurupi,1
Bullhead City,1
Acireale,1
Bharatpur,1
Latur,1
San Luis Obispo,1
Sorgues,1
Surabaya,1
Rock Hill,1
Digne-les-Bains,1
Rome,1
Ferrara,1
Delicias,1
Osijek,1
Falconara Marittima,1
Bitola,1
Ragusa,1
Palembang,1
North Miami,1
Outreau,1
Eragny,1
Be'er Sheva,1
Yanbu al Bahr,1
Narbonne,1
Saint-Laurent,1
Changzhi,1
Johnson City,1
Arapiraca,1
Franco da Rocha,1
Mwanza,1
Petare,1
Portage,1
Faenza,1
Goldsboro,1
Bad Waldsee,1
Samarinda,1
Jataí,1
Bergamo,1
Bridgeton,1
Huntsville,1
Torbat-e Heydariyeh,1
Toamasina,1
Makeni,1
Zwickau,1
Chattanooga,1
Korce,1
Port Orange,1
Cosmópolis,1
Stanger,1
Aprilia,1
Ueda,1
Dourados,1
Port Saint Lucie,1
Millau,1
Crotone,1
Kidderminster,1
El Ejido,1
North Charleston,1
Vereeniging,1
Benxi,1
Gitarama,1
Coquitlam,1
Pernik,1
Pamiers,1
Grapevine,1
Drogobych,1
Palm Coast,1
Yopal,1
Hillsboro,1
Springdale,1
Morogoro,1
Plantation,1
Limbe,1
Nal'chik,1
Berrechid,1
Layton,1
Fontenay-le-Comte,1
Ulundi,1
Osny,1
Greeley,1
Maturín,1
Levin,1
Barranca,1
Boksburg,1
Ambon,1
Grove City,1
Tapachula,1
Keller,1
Palhoça,1
Barretos,1
Khasavyurt,1
Maxixe,1
Nysa,1
Medan,1
Narsingdi,1
Louviers,1
Giurgiu,1
Vigevano,1
Sorriso,1
Milan,1
Antibes,1
Carpi,1
Albertville,1
Cavaillon,1
Acámbaro,1
Loveland,1
Schweinfurt,1
Obninsk,1
Coari,1
New Delhi,1
Jupiter,1
Agrigento,1
Kafr ash Shaykh,1
Krasnyy Luch,1
Coral Springs,1
Clovis,1
Loughborough,1
Abbeville,1
Lorient,1
Shahjahanpur,1
Rehovot,1
Avon,1
eMbalenhle,1
Harlingen,1
Kabwe,1
Barrie,1
Malakoff,1
Choisy-le-Roi,1
Jaboticabal,1
Lomme,1
Koforidua,1
Brantford,1
Cestas,1
Montebello,1
Renqiu,1
Vitória da Conquista,1
Agde,1
Iowa City,1
Elda,1
Disuq,1
Marsa Matruh,1
Medford,1
Troisdorf,1
Vence,1
Cesena,1
Pemba,1
Altotonga,1
Kotka,1
Randfontein,1
Stadtlohn,1
Concepción del Uruguay,1
Gladstone,1
Nashua,1
Sète,1
Araraquara,1
Aix-les-Bains,1
Saint-Nazaire,1
Hoover,1
Marysville,1
Krugersdorp,1
Morley,1
Arlington Heights,1
New Brunswick,1
Portland,1
Coatzacoalcos,1
Petrópolis,1
Morgan Hill,1
Chapel Hill,1
Depok,1
Matsumoto,1
Shizuishan,1
Bobigny,1
Al Muharraq,1
Sabanalarga,1
Billings,1
Baytown,1
Apatzingán de la Constitución,1
Quanzhou,1
Crato,1
Chifeng,2
Mantes-la-Ville,2
Jingmen,2
Haltom City,2
Jequié,2
Bo,2
Dar Chioukh,2
Waterloo,2
Zanjan,2
Malanje,2
Valdemoro,2
Sarreguemines,2
Creil,2
Verona,2
Dayr az Zawr,2
Parla,2
Vertou,2
Rondonópolis,2
Surrey,2
San Clemente,2
Poços de Caldas,2
Pocatello,2
São Luís,2
Guelmim,2
Pitalito,2
Royal Oak,2
Moradabad,2
Zenica,2
Bento Gonçalves,2
Zwedru,2
Guarujá,2
José Bonifácio,2
Stockport,2
Palma Soriano,2
Palmares,2
Barnsley,2
Oullins,2
Manresa,2
Pestovo,2
Vineland,2
Craiova,2
Heroica Zitácuaro,2
Weston-super-Mare,2
Les Lilas,2
Lambaré,2
Eagan,2
Thornton,2
Montfermeil,2
Zaporizhzhya,2
Bideford,2
Elkhart,2
Saginaw,2
Homestead,2
Igarassu,2
Qena,2
Sousa,2
Miramar,2
Marsala,2
Bury,2
Westonaria,2
Danbury,2
Shashi,2
Ashford,2
Manhattan,2
Soissons,2
Votuporanga,2
Bamenda,2
Yiwu,2
Woonsocket,2
Stakhanov,2
Tetouan,2
Bry-sur-Marne,2
Siedlce,2
Idfu,2
Binjai,2
Passau,2
Takestan,2
Asahikawa,2
Shahriar,2
Poznan,2
Davis,2
Ain Oussera,2
Olympia,2
Wad Madani,2
Hangzhou,2
Mostaganem,2
Loum,2
Malang,2
Dax,2
Lodz,2
Parakou,2
Bracknell,2
Hachinohe,2
Torquay,2
Paisley,2
Deltona,2
Afragola,2
Segovia,2
Varamin,2
Kurashiki,2
Gladbeck,2
Sheboygan,2
Ouidah,2
Witten,2
Kisumu,2
Berdychiv,2
Garanhuns,2
Rogers,2
Ploemeur,2
Amagasaki,2
Karnal,2
Al Fayyum,2
Valence,2
Vigneux-sur-Seine,2
Santander,2
Lindenhurst,2
Huixquilucan,2
Hohhot,2
Ciudad del Carmen,2
Bakersfield,2
Encinitas,2
Coral Gables,2
Murray,2
High Wycombe,2
Catanduva,2
Las Vegas,2
Campeche,2
Matadi,2
Dinslaken,2
Sassari,2
Saumur,2
Al Khums,2
Sokode,2
East London,2
Bron,2
Cuenca,2
Seropédica,2
Alessandria,2
Hagerstown,2
Taverny,2
Novo Cruzeiro,2
Taboão da Serra,2
Aligudarz,2
Novara,2
Laurel,2
Matehuala,2
Namibe,2
Mogi das Cruzes,2
Cluses,2
Tsukuba,2
Carquefou,2
Ostrava,2
Benghazi,2
Helena,2
Glenview,2
Shuangyashan,2
Palatine,2
Guaratinguetá,2
Chililabombwe,2
Neuilly-Plaisance,2
Kuito,2
Kremenchuk,2
Chester,2
Amatitlán,2
Vesoul,2
Resita,2
Hattingen,2
Sinop,2
Guildford,2
Sant Boi de Llobregat,2
Jieshou,2
Pazardzhik,2
Santa Rosa,2
Sobral,2
Bartlett,2
Facatativá,2
West Jordan,2
Kenitra,2
Tempe,2
Avion,2
Burgas,2
Tottori,2
Jefferson City,2
St. Catharines,2
Longview,2
Passo Fundo,2
West Palm Beach,2
Canoas,2
Várzea Grande,2
Gubkin,2
Rohtak,2
Darlington,2
Sabadell,2
Birjand,2
Fuzhou,2
Manizales,2
St. John's,2
Datong,2
Chigasaki,2
Soledad Díez Gutiérrez,2
Rivera,2
Blois,2
Jiaohe,2
Cape Coast,2
Wadi as Sir,2
Moshi,2
Musoma,2
Neu-Ulm,2
Ramat Gan,2
Avondale,2
Yucaipa,2
Bournemouth,2
Clichy,2
Broken Hill,2
San Lorenzo,2
Ferndown,2
Illkirch-Graffenstaden,2
Torremolinos,2
Lins,2
Ananindeua,2
Ramat Aviv,2
Majadahonda,2
Apucarana,2
Ilam,2
Laguna Niguel,2
Donghai,2
Gonabad,2
Asheville,2
Djougou,2
Lincoln Park,2
Shelton,2
Shijiazhuang,2
Montmorency,2
Atlixco,2
Rosarito,2
Balti,2
Imola,2
Stavanger,2
Drobeta-Turnu Severin,2
Atsugacho,2
Le Pré-Saint-Gervais,2
Daloa,2
Jinhua,2
Piacenza,2
Hapur,2
Linhares,2
Redditch,2
Valle Hermoso,2
Jaworzno,2
Ichikawa,2
Leverkusen,2
Mijas,2
Progreso,2
Tecomán,2
Jastrzebie Zdroj,2
Binzhou,2
Carapicuíba,2
Irbid,2
Shulan,2
Windsor,2
Woodstock,2
Grosseto,2
Diadema,2
Cottage Grove,2
Longmont,2
Kaiserslautern,2
Leoben,2
Gelsenkirchen,2
Kafr ad Dawwar,2
Ocaña,2
Seraing,2
Conroe,2
Argentan,2
Les Pavillons-sous-Bois,2
Sahuayo de José María Morelos,2
Andria,2
Meyzieu,2
Vacaria,2
Rancho Cucamonga,2
Urbandale,2
Itapetininga,2
Garoua,2
Englewood,2
Baia Mare,2
Maisons-Laffitte,2
Langfang,2
Rivne,2
El Cajon,2
Jalna,2
Coachella,2
Danville,2
Anjo,2
Bata,2
Londrina,2
Ambattur,2
Nzerekore,2
Hesperia,2
Cercola,2
Fareham,2
Beaune,2
Dartmouth,2
La Ciotat,2
Mopti,2
Pitesti,2
Paracatu,2
Apopka,2
Changshu,2
Hayange,2
Shushtar,2
Owensboro,2
Benoni,2
Tremblay-en-France,2
Luanshya,2
Campina Grande,2
Fleury-les-Aubrais,2
Villeneuve-sur-Lot,2
Villeneuve-la-Garenne,2
Pierrefitte-sur-Seine,2
Campo Limpo Paulista,2
Silao,2
Kamarhati,2
Indaiatuba,2
Kandi,2
Kenner,2
West Allis,2
Toyohashi,2
Skikda,2
Kortrijk,2
The Colony,2
Medea,2
Estepona,2
Nitra,2
Shangqiu,2
Fianarantsoa,2
Orsay,2
Loos,2
Bhatpara,2
Gatineau,2
Carlsbad,2
Caçador,2
Samalut,2
Tabora,2
Mosquera,2
Peer,2
Oktyabr'skiy,2
Pleven,2
Bergheim,2
Zilina,2
Camaragibe,2
Panihati,2
Fujisawa,2
Shimoga,2
Guamúchil,2
Quebec,2
Balneário Camboriú,2
Huaihua,2
Jizzakh,2
Marignane,2
Abbotsford,2
Chioggia,2
Mossoró,2
Iguala,2
Los Ángeles,2
Redlands,2
Pisa,2
Etawah,2
Bragança Paulista,2
Blanquefort,2
Mtwara,2
Hove,2
Gulfport,2
Portici,2
Rochefort,2
Tongzhou,2
Suceava,2
Akhmim,2
Deuil-la-Barre,2
Gien,2
Delray Beach,2
Macon,2
Bagamoyo,2
Badalona,2
Milpa Alta,2
Ruda Slaska,2
Tuzla,2
Montigny-le-Bretonneux,2
Yangquan,2
Castelnau-le-Lez,2
Babol,2
Albi,2
Bergisch Gladbach,2
Forst,2
Cedar Hill,2
Broomfield,2
Teramo,2
Targu Mures,2
Banska Bystrica,2
Port Arthur,2
Rolândia,2
Sunnyvale,2
Cruzeiro do Sul,2
Redwood City,2
Caldwell,2
Northwich,2
Issy-les-Moulineaux,2
Itaúna,2
Lajeado,2
Semnan,2
Riberalta,2
Ponteareas,2
Atlantic City,2
Neubrandenburg,2
Gillingham,2
Uberlândia,2
Qazvin,2
Teziutlán,2
Ar Raqqah,2
Jundiaí,2
Sallanches,2
Bechar,2
Melilla,2
Javanrud,2
Torcy,2
Bergerac,2
Olivet,2
Mococa,2
Igurusi,2
La Chapelle-sur-Erdre,2
Ternopil',2
Yuanjiang,2
Chieti,2
Alfortville,2
Malambo,2
Mitry-Mory,2
Plock,2
Carpentras,2
Pingxiang,2
East Kilbride,2
Tembisa,2
Vanadzor,2
Sohag,2
Sevran,2
Linares,2
Usti nad Labem,2
Settat,2
Ibaraki,2
Thies Nones,2
Edinburg,2
Fukui,2
Kettering,2
Mons-en-Baroeul,2
Nguigmi,2
Frontera,2
Saint-Avold,2
Lodi,2
Armenia,2
Caluire-et-Cuire,2
Antioch,2
Guidonia Montecelio,2
Barry,2
Nishinomiya,2
Khorramshahr,2
Visalia,2
Malden,2
Bayreuth,2
Lanester,2
Le Plessis-Robinson,2
Serra,2
Kasama,2
Waukesha,2
Handa,2
Cannes,2
Antsiranana,2
Tianguá,2
São Vicente,2
Taizhou,2
Pingnan,2
Grajaú,2
Tete,2
Uvira,2
Lida,2
San Luis Río Colorado,2
Izúcar de Matamoros,2
Foshan,2
Nuneaton,2
Greifswald,2
Spokane,2
Itapecuru Mirim,2
Douarnenez,2
Victoria,2
Briton Ferry,2
Kalush,2
Chalus,2
Targu Jiu,2
Stafford,2
Warner Robins,2
Uman',2
La Porte,2
Osasco,2
Volksrust,2
Sonneberg,2
Saint-Gratien,2
Mpumalanga,2
Acayucan,2
Zihuatanejo,2
Tuscaloosa,2
Mykolayiv,2
Rimini,2
Gliwice,2
Taixing,2
Andradina,2
Saint-Ouen,2
Moa,2
Yuncheng,2
Pontevedra,2
Focsani,2
Kirkwood,2
Montesson,2
Pouso Alegre,2
Bozeman,2
Sogamoso,2
Praia Grande,2
Logan,2
Bamberg,2
Brasov,2
Unna,2
Bitonto,2
Durres,2
Santa Maria,2
Cuneo,2
New Albany,2
Bellary,2
Eunápolis,2
Stara Zagora,2
La Quinta,2
Sanary-sur-Mer,2
Palmira,2
Belgorod,2
Aracati,2
Temecula,2
Chico,2
Redding,2
Yuyao,2
Manacapuru,2
Longjumeau,2
Wausau,2
Bowling Green,2
Bialystok,2
Tulle,2
Montargis,2
Abu Kabir,2
Boghni,2
Livry-Gargan,2
Sonipat,2
Günzburg,2
Guarapuava,2
Bukavu,2
Lattes,2
Chernihiv,2
Dearborn Heights,2
Ploiesti,2
Gosport,2
Melchor Ocampo,2
Gorzow Wielkopolski,2
Yogyakarta,2
Andijon,2
Lewiston,2
Menton,2
Kalisz,2
Pato Branco,2
Las Cruces,2
Hot Springs,2
Dronfield,2
Chimoio,2
Rio Grande,2
Katoomba,2
Baden-Baden,2
Toguchin,2
Xiantao,2
Riom,2
Crewe,2
Reno,2
Dos Hermanas,2
Quelimane,2
Massa,2
New Castle,2
Borken,2
Draguignan,2
Olomouc,2
Rapid City,2
Maroua,2
Bloemfontein,2
Soledad,2
Westland,2
Balmazujvaros,2
Yiyang,2
Southampton,2
Bene Beraq,2
Covington,2
Thousand Oaks,2
Beipiao,2
Troyes,2
Fremont,2
Vilhena,2
Bunbury,2
Waiblingen,2
Taunton,2
Pesaro,2
Gresham,2
Gilbert,2
Molina de Segura,2
Markham,2
Velbert,2
Tamale,2
Khouribga,2
Trinidad,2
Usol'ye-Sibirskoye,2
Sarcelles,2
Lubbock,2
Asyut,2
Apartadó,2
Lisichansk,2
Le Blanc-Mesnil,2
Siena,2
Alcobendas,2
Dniprodzerzhyns'k,2
Ennigerloh,2
Columbus,2
Celaya,2
Regina,2
Charlottesville,2
Glendale,2
Norfolk,2
Pomona,2
Genoa,2
Hinckley,2
Augsburg,2
Roubaix,2
Lianyuan,2
Durban,2
Warangal,2
Chilly-Mazarin,2
Ivano-Frankivs'k,2
Sidi Qacem,2
Teresina,2
Zabrze,2
Magdeburg,2
Denpasar,2
Cormeilles-en-Parisis,2
Quincy,2
Oakville,2
Hechuan,2
Tampico,2
Avignon,2
Grand Island,2
Hurghada,2
Miass,2
Kerpen,2
Villiers-sur-Marne,2
La Crau,2
Rockville,2
Le Chesnay,2
Kukatpalli,2
Verdun,2
Bekasi,2
Kerman,2
Zacatecas,2
Linhai,2
Uruguaiana,2
Itaituba,2
Mallawi,2
Evreux,2
St. Gallen,2
Orsha,2
São Benedito,2
Cuajimalpa,2
Mannheim,2
Pearland,2
Prague,2
Uvarovo,2
Kaiyuan,2
Veracruz,2
Barddhaman,2
Camaçari,2
Vicenza,2
Hebi,2
Brampton,2
Cagnes-sur-Mer,2
Zhangjiakou,2
Rustenburg,2
San Bernardo,2
Baraki,2
Portoviejo,2
Najafabad,2
San Martín,2
Tlemcen,2
Riverside,2
Zapopan,2
Fiumicino,2
Toledo,2
Detmold,2
Sangli,2
Port Said,2
Guadalajara,2
Consolación del Sur,2
Nikopol',2
Vaughan,2
Kumanovo,2
Gdansk,2
Meudon,2
Warsaw,2
Hyderabad,2
Murray Bridge,2
Simões Filho,2
Sterlitamak,2
Drancy,2
San Andrés Tuxtla,2
Iasi,2
Saltillo,2
Cinisello Balsamo,2
Whitby,2
Jakarta,2
Cary,2
Niagara Falls,2
Belleville,2
Livingstone,2
Reading,2
Amritsar,2
Vryburg,2
Mosul,2
El Jadida,2
Sabzevar,2
Arnsberg,2
Kolwezi,2
Ivanovo,2
Holland,2
Fresnillo de González Echeverría,2
Jember,2
Santa Cruz do Sul,2
Middletown,2
Brindisi,2
Sylhet,2
Bonn,2
Angarsk,2
Taylor,2
Ardabil,2
Saint Paul,2
Toluca,2
Arles,2
Marikina,2
Berck,2
Fairfield,2
Lome,2
Garden City,2
Maisons-Alfort,2
Aulnay-sous-Bois,2
Thomasville,2
Castres,2
Runcorn,2
Decatur,2
Piedras Negras,2
Tlalpan,2
Durham,2
Villavicencio,2
Cincinnati,2
Masjed Soleyman,2
Maubeuge,2
Edea,2
Yazd,2
Harlow,2
Noisy-le-Sec,2
Zaoyang,2
Ndola,2
Eugene,2
Costa Mesa,2
Saint Louis,2
Mougins,2
Yichun,2
Hagen,2
Larache,2
Tel Aviv,2
Woodland,2
Hemel Hempstead,2
Navegantes,2
Barika,2
Vallauris,2
Chalinze,2
Perugia,2
Morón,2
Toowoomba,2
Brownsville,2
Chihuahua,2
Salem,2
Tourcoing,2
Arvada,2
Valladolid,2
Fort Worth,2
Utica,2
Fushun,2
Behbahan,2
Ariquemes,2
La Rochelle,2
Delgado,2
Chevilly-Larue,2
Barueri,2
Berne,2
Busto Arsizio,2
Mogadishu,2
Viroflay,2
Nkongsamba,2
Bogor,2
Jerusalem,2
Kisangani,2
San Francisco del Rincón,2
Coppell,2
Venice,2
Annaba,2
Redondo Beach,2
Valledupar,2
San Bernardino,2
Palermo,2
Santarém,2
Bajos de Haina,2
Guanambi,2
Oleksandriya,2
Villemomble,2
Cartagena,2
Pontianak,2
Carrara,2
Perpignan,2
Mombasa,2
Chaville,2
Chaohu,2
Cirebon,2
Wenling,2
Gummersbach,2
Las Pinas,2
Lebanon,2
Poole,2
Calgary,2
Jalalabad,2
San Jose,2
Derbent,2
Semarang,2
Gold Coast,2
Mississauga,2
Neuilly-sur-Marne,2
Abadan,2
Ixtapaluca,2
Kakinada,2
Chaumont,2
Constantine,2
Villahermosa,2
Oceanside,2
Aix-en-Provence,2
Limay,2
Chandler,2
Ngaoundere,2
New Bedford,2
Westfield,2
Saint-Pol-sur-Mer,2
Kikwit,2
Ilhéus,2
Balikpapan,2
Meridian,2
Liberec,2
Jammu,2
Split,2
Bandundu,2
Raleigh,2
Hargeysa,2
Escondido,2
Lake Elsinore,2
Montes Claros,2
Kismaayo,2
Zaozhuang,2
Águas Lindas de Goiás,2
Willich,2
Leominster,2
Guzmán,2
Hermosillo,2
Saint Petersburg,2
Ji-Paraná,2
Durango,2
Arapongas,2
Montgeron,2
Baoding,2
Soweto,2
Taza,2
Itu,2
Ad Diwem,2
Mission Viejo,2
Beaumont,2
Montauban,2
Wolfsburg,2
Chorzow,2
La Paz,2
Namangan,2
Padang,2
Agadir,2
Tuxtla Gutiérrez,2
Suresnes,2
Colima,2
Hollywood,2
Mount Isa,2
Bundaberg,2
Sterling Heights,2
An Nasiriyah,2
Tallahassee,2
Mazyr,3
Soyapango,3
Kuching,3
Grenoble,3
Pasco,3
Huizhou,3
Weihai,3
Mont-de-Marsan,3
Tournai,3
Annemasse,3
Dhule,3
Yingcheng,3
Mishawaka,3
Parma,3
Linden,3
Gonesse,3
Deva,3
Neunkirchen,3
Oak Park,3
Minuf,3
Ottawa,3
Londonn,3
York,3
Frontignan,3
Oradea,3
Boulogne-sur-Mer,3
Sarajevo,3
Lormont,3
Getxo,3
Tipitapa,3
Marrakech,3
Torrevieja,3
Yunyang,3
Holyoke,3
Aylesbury,3
Bamako,3
Cubatão,3
Polatsk,3
Umuarama,3
Darmstadt,3
Wuchuan,3
Durgapur,3
Hempstead,3
Keren,3
Burnie,3
Duisburg,3
Flensburg,3
Winnipeg,3
Brest,3
Chenzhou,3
Guangshui,3
Nizhyn,3
Qidong,3
Mbuji-mayi,3
Geraldton,3
Passos,3
South Bend,3
Vitoria,3
Savigny-le-Temple,3
Tawau,3
Heze,3
Devonport,3
Lake Forest,3
Barbacena,3
Oriximiná,3
Santos,3
Aracaju,3
Arauca,3
Chesterfield,3
Auburn,3
Gateshead,3
Pontoise,3
Vannes,3
Birobidzhan,3
La Celle-Saint-Cloud,3
Dover,3
Monclova,3
Chetumal,3
Cherbourg-Octeville,3
Paderborn,3
Bilaspur,3
Bur Sudan,3
Hod HaSharon,3
Limeira,3
Gronau,3
Long Beach,3
Athens,3
Holguín,3
Rancagua,3
San Jose del Monte,3
Revere,3
Vallejo,3
Valencia,3
Beira,3
Yaroslavl',3
Borazjan,3
Liaoyuan,3
Guwahati,3
Tournefeuille,3
Mauguio,3
Benidorm,3
Rotherham,3
Chingola,3
Quimper,3
Porto Alegre,3
Chisinau,3
Sosnowiec,3
Halesowen,3
Sandnes,3
San Cristóbal de Las Casas,3
Givors,3
Birigui,3
Gagnoa,3
Cuautitlán,3
Spanish Town,3
Tunis,3
Kindu,3
Liuyang,3
Wagga Wagga,3
Bezons,3
Nakuru,3
Berlin,3
São Bernardo do Campo,3
Ballarat,3
Newcastle,3
Masaya,3
Likasi,3
Ibagué,3
Arica,3
Bishkek,3
Shkoder,3
Wigan,3
Gela,3
Ludwigsburg,3
Guntur,3
Pietermaritzburg,3
Erftstadt,3
Quchan,3
Umtata,3
Bedford,3
Toliara,3
Khmel'nyts'kyy,3
Bristol,3
Shanwei,3
Carlisle,3
Querétaro,3
Shrewsbury,3
Thiais,3
Bottrop,3
Annecy,3
Nantes,3
East Orange,3
Valles,3
Beni Suef,3
Homs,3
Arkhangelsk,3
Salina Cruz,3
Leuven,3
Le Pontet,3
Colombes,3
Escuintla,3
Nancy,3
Jiaozuo,3
Munich,3
Helsinki,3
Haikou,3
Saint-Laurent-du-Var,3
Sannois,3
Mejicanos,3
Copiapó,3
Le Cannet,3
Caucaia,3
Wodonga,3
Thika,3
Talavera de la Reina,3
Beirut,3
Superior,3
Lunel,3
Florence,3
Erechim,3
Pessac,3
Albuquerque,3
Monroe,3
General Escobedo,3
Vernon,3
Saint-Chamond,3
Chandigarh,3
Taiping,3
Chongqing,3
Atakpame,3
Hamm,3
Draper,3
Saveh,3
Provo,3
Boise,3
Borujerd,3
Rabat,3
Puerto Montt,3
Chartres,3
Casablanca,3
Edmonton,3
Arbil,3
Sancti Spíritus,3
Tamworth,3
Bilbeis,3
Fayetteville,3
Sibiu,3
Deyang,3
Manzini,3
Zhangzhou,3
Ganganagar,3
Goiânia,3
Sale,3
Khorramabad,3
Gaya,3
Saint-Herblain,3
Miguel Hidalgo,3
Quevedo,3
Metz,3
Dreux,3
Murcia,3
Cognac,3
Mariupol',3
Green Bay,3
Basra,3
Cumbernauld,3
Vignola,3
Guantánamo,3
Villeneuve-le-Roi,3
Reus,3
Wendeng,3
Le Havre,3
Wels,3
Dire Dawa,3
Malayer,3
Kent,3
Zhuhai,3
Rennes,3
Toulon,3
Brahmapur,3
Flers,3
Saharanpur,3
Tahta,3
Manzanillo,3
Paris,3
Salzburg,3
Sumy,3
Cruz das Almas,3
Tongling,3
Indore,3
Tlalnepantla,3
Cienfuegos,3
Noda,3
São Leopoldo,3
Resende,3
Rafsanjan,3
Santa Ana,3
Cairo,3
Saint Charles,3
Orem,3
La Mesa,3
Smyrna,3
Apple Valley,3
Forster,3
Pescara,3
Vespasiano,3
Lohne,3
Wattrelos,3
Ziguinchor,3
Araucária,3
Yerres,3
Madero,3
Reynosa,3
Butare,3
Southaven,3
Chapel Allerton,3
Recife,3
Nellore,3
Tieling,3
La Spezia,3
Itapevi,3
Rochester Hills,3
Saint-Dizier,3
Springs,3
Wichita,3
Bordeaux,3
Hadera,3
Zinder,3
Johannesburg,3
Chengdu,3
Huehuetenango,3
Shahreza,3
Roissy-en-Brie,3
Loubomo,3
Sari,3
Laon,3
Bertoua,3
Wilmington,3
Altamura,3
Garforth,3
Pine Bluff,3
Morelia,3
Evry,3
Strasbourg,3
Barcelona,3
Rizhao,3
Turin,3
Ciénaga,3
Stuttgart,3
Guanajuato,3
Man,3
Denain,3
Hereford,3
Iserlohn,3
Schiffweiler,3
Langenfeld,3
Potsdam,3
Piedecuesta,3
Dieppe,3
Czestochowa,3
Kingston,3
Wiesbaden,3
Gennevilliers,3
Durg,3
Mildura,3
Oldham,3
Cox’s Bazar,3
Moulins,3
Sandy Springs,3
Franconville,3
Cherkasy,3
Grand Rapids,3
Manado,3
Meriden,3
Franklin,3
Hamar,3
Cúcuta,3
Salt Lake City,3
Waterbury,3
Tartu,3
Boa Esperança,3
Epinal,3
Xi'an,3
Moreno Valley,3
Granollers,3
Amiens,3
Masterton,3
Domont,3
Goussainville,3
Boa Vista,3
Panipat,3
Tours,3
Al Minya,3
Santa Cruz de la Sierra,3
Ilopango,3
Cholet,3
Barra do Piraí,3
Ivry-sur-Seine,3
Lawrence,3
La Teste-de-Buch,3
Palmerston North,3
Fernando de la Mora,3
Oshawa,3
Bryansk,3
Soacha,3
Torreón,3
Tepic,3
Marlborough,3
Verviers,3
Overland Park,3
Lisieux,3
Orlando,3
Udaipur,3
Canton,3
Kasugai,3
Coulommiers,3
Bendigo,3
Villiers-le-Bel,3
San Juan del Río,3
Pereira,3
Vitória,3
Montréal,3
Shenzhen,3
Cassilândia,3
Puerto Vallarta,3
Cologne,3
Caloundra,3
Lo Prado,3
Les Clayes-sous-Bois,3
Fano,3
Auch,3
Braila,3
Citrus Heights,3
Newark,3
Kiel,3
Ratlam,3
Nantong,3
Bebington,3
Khenifra,3
Funabashi,3
Slupsk,3
Messaad,3
La Crosse,3
Stellenbosch,3
Tanta,3
Anantapur,3
Shinyanga,3
Libreville,3
Kermanshah,3
Plovdiv,3
Vlore,3
Huelva,3
Mexicali,3
Chinautla,3
Holon,3
Ipatinga,3
Apopa,3
Hidalgo,3
Nicolás Romero,3
Penedo,3
Baranagar,3
Pinheiro,3
Saqqez,3
Mérida,3
Bujumbura,3
Rio Rancho,3
Taiyuan,3
Hubli,3
Villeparisis,3
Friedrichshafen,3
Echirolles,3
Las Tunas,3
Santa Catarina,3
Dortmund,3
Qiqihar,3
Valparaíso,3
Watford,3
Cotonou,3
Conflans-Sainte-Honorine,3
Nanchang,3
Qom,3
Yangzhou,3
Eastbourne,3
Albacete,3
Nagasaki,3
Widnes,3
Zhuzhou,3
Tulsa,3
Baltimore,3
San Luis Potosí,3
Viersen,3
Al Mubarraz,3
Xichang,3
Suffolk,3
Agen,3
Donets'k,3
Villa Canales,3
Salamanca,3
Salinas,3
Napier,3
Bari,3
Tarbes,3
Oruro,3
Sidi Bel Abbes,3
Juárez,3
Tarragona,3
Hildesheim,3
Latina,3
Jiangyou,3
Ancona,3
Ipiales,3
Poissy,3
Conselheiro Lafaiete,3
Budënnovsk,3
Sioux Falls,3
Accra,3
Tasikmalaya,3
Perth,3
Ulm,3
Lorena,3
Al Hufuf,3
Carcassonne,3
Ufa,3
Chimaltenango,3
Jaipur,3
Puducherry,3
Bijapur,3
Ronchin,3
Saskatoon,3
Mysore,3
Rottingdean,3
Naumburg,3
Lawton,3
Montevideo,3
Varna,3
Sagamihara,3
Torre del Greco,3
Iquique,3
Jeddah,3
Khartoum,3
Bielsko-Biala,3
São Pedro da Aldeia,3
Rasht,3
Pindamonhangaba,3
Bagneux,3
Katsushika-ku,3
Lausanne,3
Barreiras,3
Timisoara,3
Kashira,3
Montecatini Terme,3
Floridablanca,3
Mount Gambier,3
León,3
Vinnytsya,3
Huzhou,3
Plzen,3
Gorgan,3
Xintai,3
Managua,3
Meaux,3
Las Rozas de Madrid,3
Villa Nueva,3
Peterborough,3
Itapecerica da Serra,3
Cárdenas,3
Anglet,3
Kumba,3
Ipswich,3
Coffs Harbour,3
Mbandaka,3
Galati,3
Karlsruhe,3
Xinxiang,3
Darwin,3
Edmonds,3
Hradec Kralove,3
Vincennes,3
Kathmandu,3
Giyani,3
Heilbronn,3
Mackay,3
Magnitogorsk,3
Limoges,3
Zhengzhou,3
Juiz de Fora,3
Passaic,3
Leshan,3
Lianzhou,3
Manteca,3
Laval,3
Charleroi,3
Irapuato,3
Nogent-sur-Oise,3
Ann Arbor,3
Grasse,3
Niamey,3
Georgetown,3
Sydney,3
Basingstoke,3
Villefontaine,3
Pau,3
Kherson,3
Kediri,3
Monza,3
Rochdale,3
Sliven,3
Sanandaj,3
Baghdad,3
Villenave-d'Ornon,3
Coacalco,3
Northampton,3
Springfield,3
Ulan Bator,3
Bagé,3
Kharkiv,3
Tbilisi,3
Oxnard,3
Clifton,3
Arad,3
Buzau,3
Qarshi,3
Les Abymes,3
Arak,3
Dubbo,3
Mantes-la-Jolie,3
Florencia,3
Centurion,3
Nueva Gerona,3
Roodepoort,3
Martigues,3
Whittier,3
Irkutsk,3
Longueuil,3
Dalian,3
Bremerhaven,3
Coventry,3
Gómez Palacio,3
Matanzas,3
Sofia,3
Sucre,3
Tehuacán,3
Hamadan,3
K'ut'aisi,3
Paterson,3
Budapest,3
Orizaba,3
Gravataí,3
Takatsuki,3
Toronto,3
Kalyan,3
San Francisco,3
Chaguanas,3
Puerto Padre,3
Wollongong,3
Portmore,3
Dar es Salaam,3
Kinshasa,3
Kirovohrad,3
Homyel',3
Los Angeles,3
Kuantan,3
Pickering,3
Caen,3
Clamart,3
Rockhampton,3
Colombo,3
Irun,3
Alexandria,3
Douai,3
Algiers,3
Turku,3
Bouake,3
Nairobi,3
Gloucester,3
Maceió,3
Mexico City,3
Stockton,3
Adelaide,3
Zhumadian,3
Bissau,3
New Rochelle,3
Kryvyy Rih,3
Salavat,3
Zahedan,3
Bayonne,3
Alicante,3
Siegen,3
Offenbach,3
Haguenau,3
Cessnock,3
Santiago,3
Armidale,3
Westminster,3
Montpellier,3
Shiraz,3
East Point,3
Santa Barbara,3
Fortaleza,3
Conway,3
Niort,3
Yangjiang,3
Aligarh,3
Hamme,3
Halifax,3
Abha,3
Fresno,3
Hazebrouck,3
Freiburg,3
Bandar-e Anzali,3
Wuzhou,3
Puente Alto,3
Marbella,3
Duque de Caxias,3
Sceaux,3
Wetter (Ruhr),3
Guelma,3
Aalst,3
Araguaína,3
Al Hillah,3
Trappes,3
Vigo,3
Batna,3
Clinton,3
Kigali,3
Guayaquil,3
Herten,3
El Escorial,3
Acuña,3
Melbourne,3
Khemisset,3
Brisbane,3
Araçatuba,3
Launceston,3
Wasquehal,3
San Mateo,3
Huaiyin,3
Taranto,3
Griffith,3
Cuscatancingo,3
Nanterre,3
Jingdezhen,3
Lanxi,3
Gawler,3
Guasave,3
Waterlooville,3
Santiago de Cuba,3
Concarneau,3
Dewas,3
Dudley,3
Le Creusot,3
Contramaestre,3
Dos Quebradas,3
Jiaxing,3
Kupang,3
Trieste,3
Fontainebleau,3
Karimnagar,3
Kendari,3
Grevenbroich,3
Kayes,3
Pontault-Combault,3
Floriano,3
Clermont-Ferrand,3
Meerut,3
Champigny-sur-Marne,3
Whyalla,3
Bandar Abbas,3
Klagenfurt,3
Oakland,3
Mandurah,3
Foumban,3
Zielona Gora,3
Fes,3
Roeselare,3
Courbevoie,3
Tangier,3
Pretoria,3
Trenton,3
Changsha,3
Francisco Morato,3
Erfurt,3
Santa Cruz de Barahona,3
Metepec,3
Trento,3
Salon-de-Provence,3
Glasgow,3
Roman,3
Arcoverde,3
Cabo Frio,3
Petapa,3
Cuernavaca,3
Rouen,3
Mashhad,3
Bogotá,3
Saint-Germain-en-Laye,3
Ajaccio,3
Mansfield,3
Tlaquepaque,3
Yanji,3
Gravatá,3
Gaithersburg,3
Rijeka,3
North York,3
Les Pennes-Mirabeau,3
Tegal,3
Potosí,3
Fargo,3
Saint-Quentin,3
Puyang,3
Puebla,3
Guarulhos,3
Girona,3
Thionville,3
Anaheim,3
Roseville,3
Suihua,3
Rochester,3
Sorocaba,3
Belfort,3
Patiala,3
Waynesboro,3
Bikaner,3
Fort-de-France,3
Vaulx-en-Velin,3
Chaozhou,3
Beauvais,3
Jurema,3
Leicester,3
Gradignan,3
Tychy,3
Kaluga,3
Pinar del Río,3
Garza García,3
Ramnicu Valcea,3
Tijuana,3
Echuca,3
Bossier City,3
Chipata,3
Damanhur,3
Arusha,3
Sakaka,3
Lansing,3
Cergy,3
Mount Pleasant,3
Gandia,3
Luanda,3
Cape Town,3
Linyi,3
Obregón,3
Cremona,3
Haifa,3
Quetzaltenango,3
Mainz,3
Farmington,3
Lons-le-Saunier,3
Taubaté,3
Saanich,3
Angers,3
Worms,3
Kassala,3
Xianning,3
Saint-Genis-Laval,3
Pasto,3
Marseille,3
Bilbao,3
Jena,3
Les Herbiers,3
Calais,3
Neijiang,3
Boulogne-Billancourt,3
Albany,3
Saint-Malo,3
Granada,3
Yushu,3
Chinandega,3
Monterrey,3
Camarillo,3
Franca,3
Dole,3
Bagnolet,3
Lowestoft,3
Mohammedia,3
Riyadh,3
Koumra,3
El Prat de Llobregat,3
Nowra,3
Zlatoust,3
Severodvinsk,3
Rotorua,3
Bielefeld,3
Chatham,3
Auxerre,3
Khomeynishahr,3
Radom,3
Corbeil-Essonnes,3
Saint-Pierre-des-Corps,3
Vittoria,3
Cártama,3
Ahvaz,3
João Pessoa,3
Moorhead,3
Antwerp,3
Stralsund,3
Foligno,3
Southend-on-Sea,3
Ingolstadt,3
Mufulira,3
Vichy,3
Cranston,3
Yamoussoukro,3
Tauranga,3
Olathe,3
Cheltenham,3
Cluj-Napoca,3
Bourges,3
San Diego,3
Vitry-sur-Seine,3
Caraguatatuba,3
Betim,3
Cartago,3
Roanne,3
Huyton,3
Solihull,3
Norwich,3
Jiangyan,3
Little Rock,3
Rostock,3
Barranquilla,3
Rio Branco,3
Milford,3
Richmond Hill,3
Viña del Mar,3
Zagreb,3
Juazeiro,3
Lichinga,3
Burnaby,3
Red Deer,3
L'viv,3
Brasília,3
Ponferrada,3
Bruges,3
Lille,3
Pertuis,3
Kramators'k,3
Ceuta,3
Andover,3
Mecca,3
Huambo,3
South Shields,4
San Gabriel,4
Manaus,4
Xinghua,4
Toul,4
Madison,4
Stourbridge,4
Itamaraju,4
Bressuire,4
Dhaka,4
Letchworth,4
Xingtai,4
Yongchuan,4
Gorakhpur,4
Ludwigshafen am Rhein,4
Chittagong,4
Zabol,4
Ibirité,4
Katowice,4
Fuji,4
New York City,4
Lincoln,4
Xianyang,4
Divinópolis,4
Mechelen,4
Mâcon,4
Murrieta,4
Abidjan,4
Bangalore,4
Cajazeiras,4
Missoula,4
Twin Falls,4
Zhongxiang,4
Bastia,4
Celle,4
Uberaba,4
Shenyang,4
Patna,4
Plaisir,4
Dabrowa Gornicza,4
Singapore,4
Omaha,4
Girón,4
Xinyi,4
Cambrai,4
Shanghai,4
Jincheng,4
Lençóis Paulista,4
Rubí,4
Campo Grande,4
La Madeleine,4
Tianjin,4
Jinan,4
Huainan,4
Cachan,4
Anshun,4
Burnley,4
Swindon,4
Capannori,4
Vienna,4
Los Patios,4
Girga,4
Madrid,4
Bochum,4
Paysandú,4
Nottingham,4
Villeneuve-d'Ascq,4
Solingen,4
Aurangabad,4
Macheng,4
Pamplona,4
Naihati,4
Huaibei,4
Changde,4
Columbia,4
Huntington Beach,4
Detroit,4
Seremban,4
Ijuí,4
Luhans'k,4
Matola,4
Jackson,4
Darbhanga,4
Garbsen,4
Bihar Sharif,4
Montreuil,4
Wellington,4
Antofagasta,4
Wuxi,4
Botshabelo,4
Zhanjiang,4
Invercargill,4
Al Amarah,4
Alice Springs,4
Jiangdu,4
Mixco,4
Sucy-en-Brie,4
Mouscron,4
Athis-Mons,4
Antananarivo,4
Minden,4
Jieyang,4
Quito,4
Matagalpa,4
Cancún,4
Greenwood,4
Misratah,4
Elbeuf,4
Tupã,4
Poltava,4
Americana,4
Ludhiana,4
Guangzhou,4
Villingen-Schwenningen,4
Phnom Penh,4
Plainfield,4
Kaspiysk,4
Civitavecchia,4
Mabopane,4
Salto,4
Boscoreale,4
São Paulo,4
Chengjiang,4
Asti,4
Woodbury,4
Independence,4
Jonesboro,4
Nanyang,4
Lázaro Cárdenas,4
Roswell,4
Bangor,4
Lannion,4
Talcahuano,4
Ludwigsfelde,4
Palma de Mallorca,4
Villa Alemana,4
Cambé,4
Bhilwara,4
Indianapolis,4
Rillieux-la-Pape,4
Thanjavur,4
Bayeux,4
Palu,4
Dakar,4
Bistrita,4
Kollam,4
Hangu,4
Palmerston,4
Zhoukou,4
Francisco Beltrão,4
Xining,4
Swansea,4
Essen,4
Forbach,4
Herne,4
Kita-ku,4
Jilin,4
Morristown,4
Ipoh,4
Cuxhaven,4
Minneapolis,4
Fasa,4
Cedar Rapids,4
Teresópolis,4
Townsville,4
Gulbarga,4
La Baule-Escoublac,4
Burgos,4
Mirzapur,4
Al Mahallah al Kubra,4
Marina di Carrara,4
Lorca,4
Middlesbrough,4
Wuhai,4
Plymouth,4
Opole,4
Botosani,4
La Pintana,4
Slough,4
Lyon,4
Lora del Río,4
Clichy-sous-Bois,4
Exeter,4
Hisar,4
Bucaramanga,4
Lubumbashi,4
London,4
Chesapeake,4
Appleton,4
Leipzig,4
Seville,4
Cadereyta,4
Medellín,4
Noisy-le-Grand,4
San Salvador,4
Joinville,4
Jiamusi,4
Jhansi,4
Weimar,4
Makhachkala,4
Penglai,4
Santo André,4
Annecy-le-Vieux,4
Tanga,4
Des Moines,4
Genk,4
Antony,4
Suzhou,4
Sindelfingen,4
Stevenage,4
Cosenza,4
Casoria,4
Korba,4
São Gonçalo,4
Gaoyou,4
Ebolowa,4
Juba,4
Kowloon,4
Lakewood,4
Mangalore,4
Kolhapur,4
Marsabit,4
Tabuk,4
Sikasso,4
Graz,4
La Seyne-sur-Mer,4
Lucknow,4
Bytom,4
Chelyabinsk,4
Oslo,4
Vratsa,4
Gongzhuling,4
Niterói,4
Castrop-Rauxel,4
Piatra-Neamt,4
Xiaogan,4
Shuangcheng,4
Hamamatsu,4
Clacton-on-Sea,4
Takasaki,4
Frankfurt,4
Herat,4
Edmond,4
Renton,4
Kochi,4
Faridabad,4
Anzio,4
Guiyang,4
Beverly,4
Matsudo,4
Koblenz,4
Rambouillet,4
Lafayette,4
Lubango,4
Dubuque,4
Kilwinning,4
Wakefield,4
Kuala Terengganu,4
Marly-le-Roi,4
Saint Peters,4
Vanves,4
Puertollano,4
Thiruvananthapuram,4
Albury,4
Aachen,4
Shouguang,4
Muzaffarpur,4
Estelí,4
San José de las Lajas,4
Kazerun,4
Artemisa,4
Seattle,4
Tirupati,4
Annonay,4
Burbank,4
Palaiseau,4
Christchurch,4
Curitiba,4
Xuanhua,4
Evanston,4
Blagoveshchensk,4
Ermont,4
Saida,4
Laohekou,4
Ghent,4
Altamira,4
Parbhani,4
Remscheid,4
Orange,4
Hackensack,4
Harrisonburg,4
North Las Vegas,4
Cuttack,4
Korhogo,4
Tiruchchirappalli,4
Langenhagen,4
Ranchi,4
Fontenay-aux-Roses,4
Dijon,4
Sacramento,4
Vladimir,4
Wallasey,4
Matsubara,4
Kassel,4
Jacareí,4
Novo Gama,4
Villeurbanne,4
Tongchuan,4
Meizhou,4
Hamilton,4
Bijie,4
Vacaville,4
Xuzhou,4
Versailles,4
Castanhal,4
Saga,4
Shangzhi,4
Goulburn,4
Valparaíso de Goiás,4
Bondy,4
Mount Vernon,4
Coon Rapids,4
Jamestown,4
Brighton,4
Cabo de Santo Agostinho,4
Watertown,4
Namur,4
Paulista,4
Pforzheim,4
Khulna,4
Stockton-on-Tees,4
Nuremberg,4
Palencia,4
Santa Clara,4
Ercolano,4
Littlehampton,4
Taipei,4
Rybinsk,4
Thonon-les-Bains,4
Xiangtan,4
Bareilly,4
Firminy,4
Nuevo Laredo,4
Hattiesburg,4
Bengkulu,4
Messina,4
Laghouat,4
Villach,4
Shimonoseki,4
Pontivy,4
Tengzhou,4
Mudanjiang,4
Fengcheng,4
Maseru,4
West Bromwich,4
Azcapotzalco,4
Reutlingen,4
Nasik,4
Sunderland,4
Djibouti,4
Ad Diwaniyah,4
Maidenhead,4
Tangshan,4
Taupo,4
Bokaro,4
Oran,4
Daqing,4
Allahabad,4
Tarnow,4
Lakeville,4
Moers,4
Samobor,4
Caxias do Sul,4
Cardiff,4
Karbala',4
Feira de Santana,4
Tatuí,4
Qingdao,4
Yuci,4
Aberdeen,4
Dorsten,4
Lehi,4
Tallinn,4
Kure,4
George,4
Bradford,4
Euskirchen,4
Jabalpur,4
Pozzuoli,4
Maradi,4
Great Falls,4
Myslowice,4
Harbin,4
Guelph,4
Bacau,4
Rueil-Malmaison,4
Shantou,4
Norman,4
Aswan,4
Aalen,4
Port Elizabeth,4
Langen,4
Yokkaichi,4
Margate,4
Torrance,4
Sesto San Giovanni,4
Darton,4
Birkenhead,4
Varanasi,4
Horlivka,4
Ribeirão Preto,4
Arras,4
Raipur,4
Krefeld,4
Kitchener,4
Osorno,4
Whakatane,4
Tirunelveli,4
Gyor,4
Tulancingo,4
Livingston,4
Anshan,4
Dewsbury,4
Montrouge,4
Dongguan,4
Doha,4
Nanning,4
Mobile,4
Zhaoyuan,4
Bengbu,4
Santa Helena,4
San Pablo de las Salinas,4
Woking,4
Luts'k,4
Punta Arenas,4
Ujjain,4
Anqing,4
Yulin,4
Satu Mare,4
Texarkana,4
Astrakhan',4
Firozabad,4
Blackburn,4
Recklinghausen,4
Bhavnagar,4
Kulti,4
Grigny,4
Newport News,4
Pimpri,4
Wilhelmshaven,4
Zigong,4
Heidelberg,4
Kota Kinabalu,4
Yaounde,4
Viterbo,4
Yonkers,4
Bhopal,4
Thane,4
Quibdó,4
Kananga,4
Zhaoqing,4
Jining,4
New Plymouth,4
Basel,4
Orland Park,4
Lecce,4
Kabul,4
Baotou,4
Eggenstein-Leopoldshafen,4
Porirua,4
Neiva,4
Hastings,4
Innsbruck,4
Ciego de Ávila,4
Lanzhou,4
Jiutepec,4
Hrodna,4
Sonsonate,4
Ninghai,4
Kashan,4
Gaspar,4
Antiguo Cuscatlán,4
Heyuan,4
Berdyans'k,4
Jinjiang,4
Elx,4
Amman,4
Koshigaya,4
Yao,4
Huddersfield,4
Guaymas,4
Kalemie,4
Poitiers,4
Leeds,4
Santiago de Compostela,4
Nagpur,4
Whangarei,4
Suining,4
Korla,4
Paranaguá,4
Great Yarmouth,4
Gera,4
Aksu,4
Vadodara,4
Aoba-ku,4
Queanbeyan,4
Basildon,4
Chula Vista,4
Lismore,4
Hengyang,4
Farnborough,4
Wetzlar,4
Broken Arrow,4
Clydach,4
Marl,4
Nouakchott,4
Kankan,4
Oxford,4
Natitingou,4
Chapecó,4
Xiamen,4
Hampton,4
Mau,4
Henderson,4
Koidu,4
Bhilai,4
Dehra Dun,4
Pleasant Grove,4
Monrovia,4
Hefei,4
Pinsk,4
Allauch,4
Le Petit-Quevilly,4
Mbeya,4
Kumasi,4
Wuppertal,4
Warwick,4
Sparks,4
Worcester,4
Anápolis,4
Landerneau,4
Dundee,4
Dnipropetrovs'k,4
Prato,4
Dunstable,4
Kitwe,4
Laiyang,4
Brandenburg,4
Potchefstroom,4
Lowell,4
Vancouver,4
Colchester,4
Bangui,4
Vijayawada,4
Timaru,4
Los Mochis,4
Muskogee,4
Getafe,4
Bologna,4
Herford,4
Tiruppur,4
Changchun,4
Pelotas,4
Nampula,4
Kwinana,4
Madurai,4
Xinzhou,4
Luoyang,4
Ashdod,4
Kota,4
Liverpool,4
Vitrolles,4
Regensburg,4
Muret,4
Blenheim,4
Jixi,4
Jiutai,4
Asansol,4
Maple Grove,4
Rajkot,4
Maringá,4
Rybnik,4
Gyula,4
Bhubaneswar,4
Hiratsuka,4
Trani,4
Kaliningrad,4
Le Bouscat,4
Xinshi,4
Trier,4
Oviedo,4
Mauá,4
Ensenada,4
Brentwood,4
Ningbo,4
Nice,4
Ratingen,4
Hartlepool,4
Huangshan,4
Barasat,4
Pico Rivera,4
Malegaon,4
Sumaré,4
Modica,4
Gravesend,4
Edinburgh,4
Wolverhampton,4
Ezhou,4
Norderstedt,4
Agra,4
Schwerin,4
Gap,4
Safi,4
Levallois-Perret,4
Huadian,4
Bridgetown,4
Cotia,4
Kamina,4
Patrocínio,4
Manchester,4
Mulhouse,4
Lugoj,4
Changzhou,4
Tongliao,4
Beni Mellal,4
Uvinza,4
Siping,4
Sukabumi,4
Fresnes,4
Kristiansand,4
Milwaukee,4
Guiping,4
Farroupilha,4
Wafangdian,4
Natal,4
Tripoli,4
Espoo,4
Orihuela,4
Chatou,4
San Fernando,4
Bergen,4
Osh,4
Cheshunt,4
Avadi,4
Munster,4
Bolton,4
Brussels,4
Barra Mansa,4
Jaú,4
Valenciennes,4
Oberhausen,4
Arlington,4
Maputo,4
Belgaum,4
Loudi,4
Arzgir,4
Jizan,4
Hailin,4
Walsall,4
Asunción,4
Bremen,4
Jiangmen,4
Bognor Regis,4
Qitaihe,4
Worthing,4
Summerville,4
Gwalior,4
Jamnagar,4
Shangyu,4
Garches,4
Richmond,4
Kanpur,4
Harrow,4
Behshahr,4
Drammen,4
Ghaziabad,4
Pune,4
Licheng,4
Rugby,4
Saint-Brieuc,4
Dartford,4
Cheyenne,4
Sanya,4
Beijing,4
Ashqelon,4
Sartrouville,4
Akola,4
Termez,4
Imphal,4
Nagaoka,4
Bellingham,4
Solapur,4
Bourg-en-Bresse,4
Guilin,4
Hamburg,4
Mont-Saint-Aignan,4
Guyancourt,4
Surat,4
Fatehpur,4
Barletta,4
Delhi,4
Ris-Orangis,4
Weifang,4
Mentougou,4
Cochabamba,4
Shaoxing,4
Kingswood,4
Warrington,4
Duitama,4
Derby,4
Jodhpur,4
Tokyo,4
Puteaux,4
Upper Hutt,4
Kaifeng,4
Zhytomyr,4
Takamatsu,4
Las Piedras,4
Poza Rica de Hidalgo,4
Constanta,4
Kopeysk,4
Winterthur,4
Cottbus,4
Midland,4
Ichalkaranji,4
Fuengirola,4
Ube,4
Windhoek,4
Saint-Louis,4
Yueyang,4
Massy,4
Coimbatore,4
Kunming,4
Fontaine,4
Cruzeiro,4
Himeji,4
Paço do Lumiar,4
Maidstone,4
Contagem,4
São José dos Campos,4
Melitopol',4
Camagüey,4
Bejaia,4
Harrogate,4
Bath,4
Zamora,4
Yambol,4
Zurich,4
Vantaa,4
Piotrkow Trybunalski,4
Saint-Priest,4
Bhiwandi,4
Yibin,4
Sandakan,4
Nagercoil,4
Melun,4
Oyonnax,4
Providence,4
Podgorica,4
Gdynia,4
Chiclana de la Frontera,4
Cambridge,4
Perth Amboy,4
Kawasaki,4
Yantai,4
Valinhos,4
Visakhapatnam,4
Pingdingshan,4
Wenzhou,4
Kindia,4
Kenosha,4
Srinagar,4
Carvin,4
Lugo,4
Santana de Parnaíba,4
Lucerne,4
Blackpool,4
Jamshedpur,4
Buffalo,4
Lake Charles,4
Bolzano,4
Sevastopol,4
Amravati,4
Yancheng,4
Lublin,4
Aschaffenburg,4
Neuilly-sur-Seine,4
Nova Serrana,4
Chillán,4
Lusaka,4
Elbasan,4
Tongi,4
Ulhasnagar,4
Liaocheng,4
Bratsk,4
Ibiúna,4
Sapucaia do Sul,4
Newcastle upon Tyne,4
Treviso,4
Nizamabad,4
Xiangfan,4
Les Ulis,4
Rajshahi,4
Cuiabá,4
Yicheng,4
Rach Gia,4
Gaomi,4
Virginia Beach,4
Sanming,4
Urganch,4
Fukuyama,4
Dormagen,4
Hirakata,4
Geneva,4
Stoke-on-Trent,4
Presidente Prudente,4
Offenburg,4
Doncaster,4
Mianyang,4
Edogawa-ku,4
Amol,4
Shihezi,4
Hasselt,4
Oldenburg,4
Mahajanga,4
Benguela,4
Washington,4
Meknes,4
Sagunto,4
Saint Cloud,4
Villeneuve-Saint-Georges,4
Cangzhou,4
Tumkur,4
Miramas,4
Six-Fours-les-Plages,4
Coslada,4
Voronezh,4
Coyoacán,4
San Sebastian,4
Stolberg,4
Crawley,4
Chennai,4
Atlanta,4
Kissimmee,4
Kozhikode,4
Barakaldo,4
Acerra,4
Handan,4
Jambi,4
Noblesville,4
Shah Alam,4
Pila,4
Criciúma,4
Bonneuil-sur-Marne,4
Culiacán,4
Portsmouth,4
Oyama,4
Mathura,4
Montenegro,4
Marietta,4
Kandahar,4
Delmenhorst,4
Saint-Cyr-sur-Loire,4
Cholula,4
Bello,4
Linz,4
Ljubljana,4
Neuwied,4
Erlangen,4
Chaoyang,4
Eau Claire,4
Chemnitz,4
Halle,4
Rosenheim,4
Dearborn,4
Luton,4
Zunyi,4
Macapá,4
Paraparaumu,4
Lower Hutt,4
Montgomery,4
Colomiers,4
Emden,4
Oklahoma City,4
Rovigo,4
Southport,4
Itajaí,4
Zhenjiang,4
Kawagoe,4
Inglewood,4
Kuala Lumpur,4
Chelmsford,4
Porto-Novo,4
Argenteuil,4
Les Mureaux,4
Bhatinda,4
Satna,4
Castelldefels,4
Kawaguchi,4
Everett,4
Baku,4
Bayamo,4
Samarra',4
Nanchong,4
Preston,4
Ajmer,4
Shumen,4
Tehran,4
Velletri,4
